{"classes": ["am", "bluetooth", "cw", "dsss", "fm", "gsm", "ofdm"], "embed_dim": 32, "prototypes": [[0.1930752694606781, -0.016915995627641678, 0.13513323664665222, 0.3510305881500244, 0.02916986495256424, 0.1106790229678154, -0.09555929154157639, -0.19344159960746765, 0.08568977564573288, 0.32986289262771606, -0.3632189631462097, -0.05392098054289818, 0.08901524543762207, -0.14813387393951416, 0.07036161422729492, 0.13692842423915863, 0.12211769074201584, -0.21522678434848785, -0.02775525487959385, -0.18832626938819885, 0.20557233691215515, -0.12556040287017822, -0.1554965078830719, 0.1135791689157486, -0.08953338861465454, 0.02287648804485798, 0.0065144323743879795, -0.3136792480945587, 0.02733486518263817, -0.2992515563964844, -0.14174918830394745, -0.1338055431842804], [0.2679780125617981, -0.1849253922700882, 0.23048484325408936, 0.10086707770824432, 0.0937490463256836, 0.176104336977005, -0.06400419771671295, -0.031989648938179016, 0.16730962693691254, 0.2572309374809265, -0.36217251420021057, -0.18569335341453552, -0.015577140264213085, -0.016622399911284447, 0.17244969308376312, 0.24199001491069794, 0.19901074469089508, 0.0055840276181697845, -0.17116251587867737, -0.019371075555682182, 0.27140012383461, -0.09103133529424667, 0.13074906170368195, 0.09118574857711792, -0.218254953622818, 0.2104232758283615, 0.13974511623382568, -0.0405120812356472, -0.11512424051761627, -0.06558787077665329, -0.11435230821371078, 0.055064715445041656], [0.1784757822751999, -0.3646121919155121, -0.13006886839866638, -0.07563172280788422, 0.07009517401456833, -0.07978107035160065, -0.21873347461223602, 0.1410074234008789, 0.2844080924987793, 0.08814135193824768, -0.20668628811836243, -0.16921907663345337, 0.08902189135551453, -0.011507418937981129, 0.2970185875892639, 0.04580020532011986, -0.0500781424343586, -0.14427682757377625, 0.07926784455776215, -0.21390888094902039, 0.08632088452577591, -0.2857934832572937, -0.1462499350309372, -0.0006228787824511528, -0.1828157603740692, -0.08787080645561218, -0.09669327735900879, -0.14455682039260864, 0.032931916415691376, -0.23578006029129028, -0.40094712376594543, 0.021614162251353264], [0.23623250424861908, -0.22781561315059662, 0.04354894533753395, -0.10634787380695343, 0.2132711261510849, 0.1446710079908371, -0.16593527793884277, 0.03301344811916351, 0.3698963224887848, 0.1540108323097229, -0.20075009763240814, -0.21591919660568237, -0.056060172617435455, 0.2180936336517334, 0.10584051162004471, 0.10898787528276443, 0.1015540361404419, 0.10922283679246902, 0.08730848878622055, -0.00040552596328780055, 0.17346441745758057, -0.16480539739131927, 0.09429363906383514, -0.020717736333608627, -0.35119664669036865, 0.2797006368637085, 0.07738954573869705, -0.047251343727111816, -0.034813787788152695, -0.11420822888612747, -0.06573592871427536, 0.2761586904525757], [0.014603449031710625, -0.0318874791264534, 0.21665149927139282, 0.2767695188522339, 0.25799375772476196, -0.10264740884304047, -0.13282214105129242, 0.03171136975288391, -0.2374495416879654, 0.18098264932632446, -0.18409734964370728, -0.10403772443532944, 0.05232206732034683, -0.027072245255112648, 0.02208227850496769, 0.37228408455848694, 0.012974631041288376, 0.25820159912109375, -0.31838852167129517, 0.1532546728849411, 0.10333576798439026, 0.1806487888097763, -0.2704012989997864, -0.21220046281814575, 0.09123103320598602, 0.15121962130069733, -0.002665808191522956, -0.22051922976970673, -0.0735616385936737, 0.16873745620250702, -0.07849881052970886, -0.10964126139879227], [0.30844876170158386, -0.23390929400920868, 0.17922036349773407, 0.020493481308221817, 0.1075039729475975, 0.03983348235487938, -0.045263949781656265, 0.183951273560524, 0.3018835783004761, 0.12681466341018677, -0.18936650454998016, -0.22085244953632355, -0.003414676757529378, 0.11931435763835907, -0.07288561761379242, 0.29725712537765503, 0.1289982944726944, -0.02570332959294319, -0.20839573442935944, 0.15487445890903473, 0.12060881406068802, -0.09295399487018585, 0.12906886637210846, -0.05101536959409714, -0.21934562921524048, 0.2802152931690216, 0.15400446951389313, -0.13181331753730774, -0.08295922726392746, -0.13695986568927765, -0.1967049241065979, -0.10866493731737137], [0.31860798597335815, 0.008263185620307922, 0.13059768080711365, 0.011246840469539165, 0.4247440993785858, 0.18103991448879242, -0.05993877351284027, 0.1546737551689148, 0.12449871003627777, 0.2407718449831009, -0.1344323754310608, 0.06091175600886345, 0.010674328543245792, 0.15372182428836823, 0.17511190474033356, -0.008343660272657871, -0.09864386171102524, 0.07970697432756424, -0.4083532691001892, 0.0678538903594017, 0.0040239738300442696, -0.2060515135526657, -0.05023576691746712, -0.11235643178224564, -0.20755738019943237, -0.008241036906838417, 0.07187525928020477, -0.07711519300937653, 0.005799717735499144, 0.020929750055074692, -0.40254178643226624, -0.024010231718420982]], "unknown_threshold": 0.5490027740597725, "temperature": 0.16}