{"classes": ["qpsk", "qam16", "qam64"], "feat_mean": [0.010873822495341301, 0.038772765547037125, -0.6787083745002747, 0.02171926386654377, 0.07810825854539871, 2.18318510055542, 1.3214890956878662, 0.29528018832206726, 3.274916887283325, 0.9515030384063721, 1.8175376653671265, 0.3125106692314148], "feat_std": [0.008870728313922882, 0.028468400239944458, 0.14254240691661835, 0.013448862358927727, 0.05297320336103439, 0.7846396565437317, 0.14260496199131012, 0.0833558589220047, 0.6171923279762268, 0.022367654368281364, 0.03911832720041275, 0.09304936975240707], "prototypes": [[-0.08583677560091019, -0.37530338764190674, -1.3587576150894165, -0.11490212380886078, -0.6451317071914673, 1.375687599182129, -1.35834538936615, -1.3753101825714111, -0.9966558218002319, 1.3902937173843384, 0.4063000977039337, -1.3786224126815796], [0.047734953463077545, 0.10949050635099411, 0.47204211354255676, 0.0829477608203888, 0.17572076618671417, -0.5133944749832153, 0.47197210788726807, 0.5617430210113525, 0.21518945693969727, -0.5329314470291138, -0.18047384917736053, 0.555134117603302], [0.03420017659664154, 0.24623870849609375, 0.8177530765533447, 0.027204161509871483, 0.43545210361480713, -0.7933663725852966, 0.8174229860305786, 0.7458875179290771, 0.7275668382644653, -0.7878422737121582, -0.20622652769088745, 0.7554382681846619]], "temperature": 3.0, "snr_gate": 16.470678531853828, "isi_gate": 0.09183178300944829, "calib_keep_fraction": 0.48133333333333334}