{"classes": ["am", "bluetooth", "cw", "dsss", "fm", "gsm", "ofdm"], "embed_dim": 32, "prototypes": [[-0.0021823220886290073, -0.09210430830717087, 0.08719608932733536, 0.07310345023870468, 0.04567188397049904, 0.18592838943004608, -0.3151743710041046, -0.1454930454492569, -0.08794212341308594, 0.09067843109369278, -0.10444643348455429, -0.13613010942935944, 0.31082436442375183, -0.27071699500083923, -0.13751333951950073, 0.07052505761384964, 0.24325118958950043, 0.01636476069688797, 0.09903489798307419, 0.0964570939540863, 0.018965579569339752, -0.22086139023303986, -0.15732824802398682, 0.08932486176490784, -0.024047093465924263, -0.40044161677360535, -0.035530198365449905, -0.0046710907481610775, 0.3490053415298462, 0.1007034108042717, 0.13911190629005432, 0.265809565782547], [-0.0858350470662117, -0.3560854196548462, -0.1944047212600708, -0.053339920938014984, 0.08154922723770142, 0.04262060672044754, -0.06847015023231506, -0.2523898184299469, -0.03620307147502899, -0.02882014587521553, 0.0692160427570343, -0.2677103579044342, 0.06325423717498779, -0.1414007991552353, -0.08877706527709961, -0.12406474351882935, 0.21322937309741974, -0.07384423166513443, 0.17640234529972076, -0.06438812613487244, -0.31227046251296997, 0.02986650913953781, 0.04929620400071144, 0.04850243031978607, 0.030862687155604362, 0.14501382410526276, -0.28077346086502075, -0.19287967681884766, 0.15621909499168396, 0.3126533627510071, 0.17422498762607574, 0.16079944372177124], [-0.33884871006011963, -0.1928340345621109, 0.07673398405313492, 0.0476074256002903, 0.2812958061695099, -0.11714912950992584, -0.2877048850059509, -0.15740065276622772, -0.30920276045799255, -0.1926407814025879, 0.29038992524147034, 0.027921335771679878, -0.010392756201326847, 0.02276342548429966, -0.03674435243010521, -0.11611152440309525, 0.2905440926551819, -0.12021047621965408, 0.21956734359264374, -0.14025145769119263, -0.13944818079471588, 0.014545141719281673, -0.0241240244358778, 0.17020036280155182, 0.16231389343738556, -0.0025454608257859945, -0.09893148392438889, -0.17069324851036072, 0.32197752594947815, 0.07366642355918884, -0.07145252823829651, 0.10358120501041412], [-0.28177767992019653, -0.1984819769859314, -0.2610800266265869, -0.20291462540626526, -0.10166873782873154, -0.016860701143741608, -0.05348697677254677, -0.07687952369451523, -0.0376795195043087, -0.024471107870340347, 0.024203917011618614, -0.2741781771183014, 0.04385482892394066, -0.04635317623615265, -0.17760656774044037, -0.10408113896846771, 0.2873326539993286, -0.024420561268925667, 0.0884898230433464, -0.0941246971487999, -0.2299579381942749, -0.17780520021915436, 0.12869855761528015, 0.04570873826742172, 0.06634176522493362, 0.1367489993572235, -0.14170636236667633, -0.28009071946144104, 0.0031755343079566956, 0.19710196554660797, 0.20586708188056946, 0.07169318199157715], [0.01834890991449356, -0.07189160585403442, -0.18756268918514252, 0.10552822053432465, -0.14506487548351288, -0.0278313010931015, 0.12583321332931519, -0.3045635223388672, -0.1385038048028946, 0.014342465437948704, 0.04352690652012825, -0.19969521462917328, -0.1289144903421402, 0.01798258349299431, 0.16238775849342346, -0.14621667563915253, -0.11982372403144836, -0.10645277053117752, -0.03838755935430527, 0.013947641476988792, -0.162793830037117, 0.25414901971817017, 0.28903788328170776, 0.0849994644522667, 0.12711049616336823, 0.48069700598716736, -0.29522621631622314, -0.06432999670505524, -0.2156537026166916, 0.25158584117889404, 0.09470242261886597, -0.11231851577758789], [-0.12161766737699509, -0.20599743723869324, -0.18716518580913544, -0.07823558151721954, -0.03661194071173668, 0.060902927070856094, 0.045312706381082535, -0.29180270433425903, -0.028341524302959442, 0.060291290283203125, -0.07395985722541809, -0.35691872239112854, 0.05395098030567169, -0.08519107848405838, -0.03984706476330757, -0.1546817421913147, 0.13366879522800446, -0.11084850877523422, 0.10466155409812927, 0.07205099612474442, -0.3506907820701599, 0.01063702255487442, 0.19125348329544067, 0.07092781364917755, 0.14066559076309204, 0.10917836427688599, -0.2241387963294983, -0.12484275549650192, -0.04092628136277199, 0.30832639336586, 0.22168466448783875, 0.08287285268306732], [0.1335756629705429, 0.0860673263669014, -0.32243385910987854, -0.007691578008234501, -0.10980507731437683, 0.20399458706378937, -0.12751641869544983, -0.17003507912158966, 0.4021928012371063, 0.15040020644664764, -0.10831762105226517, -0.24219442903995514, 0.17104513943195343, -0.2034749686717987, -0.22095327079296112, 0.0455629788339138, 0.0694069191813469, 0.15752097964286804, -0.10496698319911957, 0.08701850473880768, -0.07094765454530716, -0.27975624799728394, 0.10454559326171875, -0.26956599950790405, -0.07240847498178482, 0.06814134120941162, -0.14177726209163666, -0.04784698039293289, 0.0681978315114975, 0.05120353028178215, 0.21909518539905548, 0.163828045129776]], "unknown_threshold": 0.47964563965797424, "temperature": 0.1}