{"classes": ["am", "bluetooth", "cw", "dsss", "fm", "gsm", "ofdm"], "embed_dim": 32, "prototypes": [[0.08545354008674622, -0.2766438126564026, 0.12300267815589905, 0.2141130566596985, 0.03285865858197212, 0.18481288850307465, -0.10641703754663467, -0.12842288613319397, -0.11945062130689621, 0.08697643876075745, -0.0891849473118782, -0.06694642454385757, -0.1424151211977005, -0.21878644824028015, -0.15807543694972992, 0.02011837810277939, 0.000997893512248993, 0.14265917241573334, -0.0575026273727417, 0.03891512006521225, -0.08390621095895767, -0.25055646896362305, -0.30490633845329285, -0.0018091542879119515, 0.00925684068351984, -0.15311242640018463, -0.0771845281124115, -0.027811339125037193, 0.26518794894218445, 0.08729426562786102, 0.30218344926834106, 0.4514615833759308], [-0.14665985107421875, -0.23783445358276367, -0.12479182332754135, -0.0760071650147438, -0.10517203062772751, -0.09510315209627151, -0.15453574061393738, -0.07545937597751617, -0.16479600965976715, 0.2187299281358719, -0.051323503255844116, 0.021482018753886223, -0.13105161488056183, -0.22348888218402863, -0.24626241624355316, 0.08421092480421066, 0.17269223928451538, -0.19345417618751526, 0.23408901691436768, 0.3242534399032593, -0.233022078871727, 0.05165504664182663, 0.09228809922933578, 0.1278047263622284, 0.17351844906806946, 0.01598573476076126, -0.2039615958929062, -0.10832010209560394, 0.15359771251678467, -0.016052626073360443, 0.06061934307217598, 0.032209090888500214], [-0.2799777686595917, -0.3812885582447052, -0.1093134805560112, 0.01229852344840765, -0.09459051489830017, -0.26526644825935364, -0.19532877206802368, -0.06454125046730042, -0.23176957666873932, 0.06343842297792435, -0.02141212671995163, 0.09375664591789246, -0.05530576407909393, 0.00808997917920351, -0.23502589762210846, -0.11756180971860886, 0.0012657266343012452, -0.27755606174468994, 0.21096259355545044, 0.3366760015487671, -0.17339445650577545, 0.00037259477539919317, -0.01630283333361149, 0.15517906844615936, 0.13090108335018158, 0.02844337932765484, -0.10839471220970154, -0.21909664571285248, 0.24288447201251984, -0.07071410864591599, 0.26357558369636536, 0.05344664677977562], [-0.06490599364042282, -0.25267893075942993, -0.04834768548607826, -0.1385362297296524, -0.0930081158876419, -0.12280039489269257, 0.08673106878995895, 0.047897402197122574, -0.1790628284215927, 0.2824036777019501, -0.11941758543252945, 0.023088539019227028, -0.21879398822784424, -0.07733386754989624, -0.3744761347770691, 0.07319647818803787, 0.14211003482341766, -0.035426147282123566, 0.12631714344024658, 0.26113930344581604, -0.41666722297668457, 0.08511059731245041, 0.0007655302761122584, 0.15098388493061066, 0.12465332448482513, -0.014755002222955227, -0.2983086407184601, -0.16589002311229706, 0.07241503149271011, -0.13219034671783447, 0.08452592045068741, 0.04399164021015167], [-0.304931104183197, 0.009780208580195904, -0.20758607983589172, -0.2086171656847, -0.17966391146183014, -0.22145526111125946, -0.07807976007461548, -0.3020327091217041, -0.16233952343463898, 0.041914984583854675, -0.11499658972024918, -0.26150184869766235, -0.07954422384500504, -0.04767296463251114, 0.18547041714191437, -0.16927392780780792, 0.06659555435180664, -0.21379153430461884, -0.008806285448372364, 0.14992617070674896, 0.12930269539356232, 0.170917347073555, 0.22046202421188354, 0.08120659738779068, 0.03794536367058754, 0.23521536588668823, -0.0802483931183815, -0.2746816575527191, -0.1320939064025879, 0.15383362770080566, 0.2179092913866043, -0.11387008428573608], [-0.19944004714488983, -0.17890462279319763, -0.056436825543642044, -0.17444710433483124, -0.20936277508735657, -0.04856825992465019, 0.002825410570949316, -0.1868978589773178, -0.1542610377073288, 0.2022629827260971, -0.22190207242965698, -0.2266291081905365, -0.1530880481004715, -0.15705233812332153, -0.06433003395795822, 0.08969318121671677, 0.13962973654270172, -0.11937303096055984, 0.1895292103290558, 0.24115875363349915, -0.20546317100524902, 0.039560750126838684, 0.12814196944236755, 0.08150345832109451, 0.1690879911184311, -0.005470006261020899, -0.27460283041000366, -0.20508767664432526, -0.04669295251369476, 0.09015890955924988, 0.24708051979541779, 0.08807000517845154], [0.12336019426584244, -0.15598367154598236, 0.27320417761802673, 0.29143890738487244, -0.037770479917526245, 0.35419735312461853, 0.03853295370936394, -0.19532515108585358, -0.025486674159765244, -0.042902231216430664, -0.0024810917675495148, -0.20915481448173523, -0.20709621906280518, 0.04658927395939827, -0.0793621689081192, 0.13305352628231049, 0.043358199298381805, -0.015627294778823853, -0.19491060078144073, -0.11517121642827988, -0.28030386567115784, 0.18010351061820984, 0.14214256405830383, -0.268395334482193, 0.11509999632835388, -0.23982807993888855, -0.2833043038845062, 0.0029710824601352215, -0.2553936541080475, 0.08122920989990234, 0.05194145068526268, 0.009493299759924412]], "unknown_threshold": 0.8810060620307922, "temperature": 0.1}