{"classes": ["cw", "am", "fm", "bpsk", "qpsk", "qam16", "qam64", "gfsk", "ofdm"], "embed_dim": 32, "prototypes": [[-0.10680326074361801, 0.2440199851989746, 0.08430114388465881, -0.12744075059890747, 0.2525418698787689, -0.11217596381902695, -0.22252362966537476, 0.19207723438739777, 0.026453502476215363, -0.18675090372562408, 0.060633640736341476, 0.00882433820515871, -0.06819083541631699, 0.06611026078462601, 0.21249787509441376, -0.15023326873779297, -0.2005493938922882, -0.09039491415023804, 0.1639356166124344, -0.16736255586147308, 0.20923550426959991, -0.07171780616044998, -0.08973202109336853, 0.3365880846977234, 0.06768625229597092, -0.18847763538360596, -0.06170298904180527, -0.29429176449775696, -0.19363266229629517, -0.056779175996780396, 0.155525341629982, 0.2782081663608551], [-0.1775006800889969, 0.2703385651111603, 0.17783485352993011, -0.16267439723014832, 0.26987817883491516, -0.03694077208638191, -0.2106882929801941, 0.19824260473251343, 0.10979834198951721, -0.2139151245355606, 0.15066705644130707, 0.1300034523010254, -0.14480672776699066, 0.1054985374212265, 0.10735826194286346, -0.15270578861236572, -0.29482460021972656, -0.046038541942834854, 0.15878266096115112, -0.2239173948764801, 0.1183909997344017, 0.00012047534255543724, -0.05380809307098389, 0.32578814029693604, 0.01828647218644619, -0.1318759173154831, 0.0321689136326313, -0.2130417674779892, -0.19758079946041107, -0.12378566712141037, 0.07225102186203003, 0.17959825694561005], [-0.16450917720794678, 0.17957188189029694, 0.022382788360118866, -0.03115963377058506, 0.15472312271595, -0.12100376188755035, 0.06880329549312592, 0.060976237058639526, -0.017133504152297974, -0.29694029688835144, -0.1565680354833603, 0.0916227474808693, -0.24097870290279388, 0.3687696158885956, 0.27530598640441895, -0.04815271869301796, -0.17298252880573273, 0.16905097663402557, 0.062136467546224594, -0.21589142084121704, 0.046572521328926086, 0.016287200152873993, 0.2790932059288025, 0.12727636098861694, 0.15417495369911194, -0.24780108034610748, -0.07183273881673813, -0.22937579452991486, 0.008826758712530136, -0.1038150042295456, 0.2392287254333496, 0.18103908002376556], [0.2278764396905899, 0.17751264572143555, 0.053966764360666275, -0.043224312365055084, 0.3623366951942444, -0.1479651778936386, 0.1619352400302887, 0.39319688081741333, 0.1111786887049675, -0.046386443078517914, -0.23985952138900757, 0.04446994140744209, -0.3316410481929779, 0.3316839933395386, 0.13654975593090057, 0.07773054391145706, 0.04059918597340584, 0.05304906144738197, -0.12935283780097961, -0.012519966810941696, -0.03579758107662201, 0.17488975822925568, -0.049838338047266006, 0.09476399421691895, -0.052866604179143906, -0.09242204576730728, -0.1071694940328598, -0.2198273241519928, 0.156277135014534, -0.032828181982040405, 0.06883563101291656, 0.1805712729692459], [0.19928455352783203, -0.07866568863391876, -0.09881448745727539, 0.09199123084545135, 0.33783045411109924, -0.07334377616643906, 0.028075825423002243, 0.25681278109550476, -0.1038111224770546, -0.0021699839271605015, -0.3531566560268402, 0.01498559769243002, -0.2025895118713379, 0.38120338320732117, -0.07147148996591568, 0.18347033858299255, -0.03856338560581207, 0.31291520595550537, -0.06861145049333572, -0.09828754514455795, -0.03248191624879837, -0.036319222301244736, 0.132335364818573, 0.029354194179177284, -0.13746435940265656, -0.16649776697158813, -0.14443403482437134, -0.08318915963172913, 0.16174598038196564, -0.02450455352663994, 0.2009202539920807, 0.1042679026722908], [0.19331325590610504, -0.008911263197660446, -0.1221010684967041, 0.09463252127170563, 0.28936442732810974, 0.16899234056472778, -0.047107432037591934, 0.14958317577838898, -0.006420620251446962, -0.05465354397892952, -0.12491874396800995, 0.05474933609366417, -0.2550675868988037, 0.27252310514450073, -0.049075230956077576, 0.18486857414245605, -0.26701560616493225, 0.37803971767425537, 0.16020256280899048, -0.13639019429683685, -0.16609011590480804, -0.15210658311843872, 0.1310964822769165, 0.08951688557863235, -0.1929740011692047, 0.025906698778271675, -0.09129084646701813, -0.23999685049057007, 0.0846044272184372, -0.09896349906921387, 0.20786955952644348, 0.04037456959486008], [0.17992669343948364, 0.017168521881103516, -0.11711540073156357, 0.08483145385980606, 0.2764761745929718, 0.19378109276294708, -0.05096445232629776, 0.13473597168922424, 0.015364519320428371, -0.07525511831045151, -0.08667559921741486, 0.06457599252462387, -0.26618102192878723, 0.2573338449001312, -0.02637510746717453, 0.171635240316391, -0.29518428444862366, 0.37214574217796326, 0.18902486562728882, -0.14128053188323975, -0.17975792288780212, -0.15940243005752563, 0.12914450466632843, 0.10389561951160431, -0.1850827932357788, 0.0486343614757061, -0.07683093845844269, -0.26640206575393677, 0.06352625042200089, -0.10921069979667664, 0.20935584604740143, 0.03755975514650345], [-0.11023076623678207, 0.1809415966272354, 0.10691983252763748, -0.0843389481306076, 0.2553832232952118, -0.1618666797876358, -0.1443975567817688, 0.2650434672832489, 0.048909012228250504, -0.24949808418750763, -0.020885663107037544, 0.10081549733877182, -0.20464204251766205, 0.20973171293735504, 0.15929247438907623, -0.11660353094339371, -0.27646690607070923, 0.0481974333524704, 0.09068070352077484, -0.18773508071899414, 0.08215031027793884, 0.020062176510691643, 0.08925507217645645, 0.28169867396354675, 0.06443962454795837, -0.2510088384151459, -0.03206653892993927, -0.24831195175647736, -0.07781554013490677, -0.08121631294488907, 0.22496406733989716, 0.21657569706439972], [0.055044569075107574, 0.30818384885787964, 0.1221594512462616, -0.04988870397210121, 0.1416151374578476, 0.20342537760734558, -0.19073231518268585, -0.07974644005298615, 0.161164328455925, 0.006525645963847637, 0.31088387966156006, -0.04994380101561546, -0.12335497885942459, 0.24286377429962158, 0.03948548808693886, 0.14247402548789978, -0.21236243844032288, -0.016953451558947563, 0.365515798330307, -0.13429047167301178, -0.13639193773269653, -0.03228822350502014, -0.1221352145075798, 0.07706549763679504, 0.016166485846042633, 0.007526435889303684, -0.12942251563072205, -0.36037537455558777, 0.011181799694895744, -0.3049266040325165, -0.12388154119253159, 0.12141852080821991]], "unknown_threshold": 0.15080367028713226, "temperature": 0.12000000000000001}